Date,Open,High,Low,Close,Volume
2024-07-06,56739.86285107204,56739.86285107204,56739.86285107204,56739.86285107204,60081357583.2773
2024-07-07,58230.4841542266,58230.4841542266,58230.4841542266,58230.4841542266,21293913670.919975
2024-07-08,55880.3753776708,55880.3753776708,55880.3753776708,55880.3753776708,20211914621.326435
2024-07-09,56665.140733520275,56665.140733520275,56665.140733520275,56665.140733520275,41614266908.30467
2024-07-10,57988.30351208401,57988.30351208401,57988.30351208401,57988.30351208401,28413854577.262756
2024-07-11,57704.202284462874,57704.202284462874,57704.202284462874,57704.202284462874,25987656347.278587
2024-07-12,57388.192479166675,57388.192479166675,57388.192479166675,57388.192479166675,29196653598.752666
2024-07-13,57899.28895749592,57899.28895749592,57899.28895749592,57899.28895749592,25504482306.198975
2024-07-14,59152.71913887286,59152.71913887286,59152.71913887286,59152.71913887286,16765547593.243273
2024-07-15,60942.32773996293,60942.32773996293,60942.32773996293,60942.32773996293,21295520563.65442
2024-07-16,64835.48973321571,64835.48973321571,64835.48973321571,64835.48973321571,37810068492.862465
2024-07-17,65162.23625234354,65162.23625234354,65162.23625234354,65162.23625234354,40914441633.09575
2024-07-18,64136.31384360687,64136.31384360687,64136.31384360687,64136.31384360687,33459451713.593426
2024-07-19,63959.56900809379,63959.56900809379,63959.56900809379,63959.56900809379,25976148878.632153
2024-07-20,66689.54880734957,66689.54880734957,66689.54880734957,66689.54880734957,36994610752.230415
2024-07-21,67206.06470614894,67206.06470614894,67206.06470614894,67206.06470614894,17353396168.041622
2024-07-22,68088.13996324532,68088.13996324532,68088.13996324532,68088.13996324532,27078771827.95196
2024-07-23,67607.71339918874,67607.71339918874,67607.71339918874,67607.71339918874,43157593651.80313
2024-07-24,65942.41746522837,65942.41746522837,65942.41746522837,65942.41746522837,36100536095.18872
2024-07-25,65403.53513022529,65403.53513022529,65403.53513022529,65403.53513022529,28680123269.715443
2024-07-26,65749.96361965332,65749.96361965332,65749.96361965332,65749.96361965332,35836896135.542854
2024-07-27,67920.2964857025,67920.2964857025,67920.2964857025,67920.2964857025,30821370069.206276
2024-07-28,68055.40838968738,68055.40838968738,68055.40838968738,68055.40838968738,30976752616.761925
2024-07-29,68242.2474440493,68242.2474440493,68242.2474440493,68242.2474440493,17175244020.36542
2024-07-30,66770.32091848266,66770.32091848266,66770.32091848266,66770.32091848266,42529043667.45024
2024-07-31,66219.05102486102,66219.05102486102,66219.05102486102,66219.05102486102,28892376510.689587
2024-08-01,64679.778647032515,64679.778647032515,64679.778647032515,64679.778647032515,31403681581.194077
2024-08-02,65357.52960767435,65357.52960767435,65357.52960767435,65357.52960767435,38911302447.60912
2024-08-03,61407.29547397454,61407.29547397454,61407.29547397454,61407.29547397454,39004321616.3716
2024-08-04,60738.7449250574,60738.7449250574,60738.7449250574,60738.7449250574,32885545023.712658
2024-08-05,58006.206586686734,58006.206586686734,58006.206586686734,58006.206586686734,33664501541.451115
2024-08-06,53956.26184159744,53956.26184159744,53956.26184159744,53956.26184159744,120245972389.37173
2024-08-07,55959.84107399357,55959.84107399357,55959.84107399357,55959.84107399357,52620100833.47091
2024-08-08,55099.95181146735,55099.95181146735,55099.95181146735,55099.95181146735,41605918903.41173
2024-08-09,61859.03159904161,61859.03159904161,61859.03159904161,61859.03159904161,49201548320.290726
2024-08-10,60912.588533350805,60912.588533350805,60912.588533350805,60912.588533350805,33804208928.47938
2024-08-11,60887.70861641504,60887.70861641504,60887.70861641504,60887.70861641504,13418919090.197285
2024-08-12,58804.23449992608,58804.23449992608,58804.23449992608,58804.23449992608,21715994493.456894
2024-08-13,59350.07433270696,59350.07433270696,59350.07433270696,59350.07433270696,39403296385.84335
2024-08-14,60601.22317789727,60601.22317789727,60601.22317789727,60601.22317789727,31955576195.246292
2024-08-15,58739.19382231015,58739.19382231015,58739.19382231015,58739.19382231015,28079911397.67297
2024-08-16,57624.11692852191,57624.11692852191,57624.11692852191,57624.11692852191,33490251842.381626
2024-08-17,58881.92579151217,58881.92579151217,58881.92579151217,58881.92579151217,30368238897.207172
2024-08-18,59430.79163445865,59430.79163445865,59430.79163445865,59430.79163445865,12467437134.05582
2024-08-19,58438.293742685404,58438.293742685404,58438.293742685404,58438.293742685404,17656027563.72502
2024-08-20,59574.945812940874,59574.945812940874,59574.945812940874,59574.945812940874,24031330179.258953
2024-08-21,59060.12610074137,59060.12610074137,59060.12610074137,59060.12610074137,31470716090.619144
2024-08-22,61144.68762866613,61144.68762866613,61144.68762866613,61144.68762866613,32960965010.60808
2024-08-23,60387.54062321362,60387.54062321362,60387.54062321362,60387.54062321362,28170302505.847404
2024-08-24,64049.68561555576,64049.68561555576,64049.68561555576,64049.68561555576,45038665759.42134
2024-08-25,64157.1606134782,64157.1606134782,64157.1606134782,64157.1606134782,22029153446.354362
2024-08-26,64265.81631272862,64265.81631272862,64265.81631272862,64265.81631272862,17875230147.044323
2024-08-27,62922.58634676265,62922.58634676265,62922.58634676265,62922.58634676265,17894692681.091812
2024-08-28,59526.560879590994,59526.560879590994,59526.560879590994,59526.560879590994,38131727427.91789
2024-08-29,59015.29633887944,59015.29633887944,59015.29633887944,59015.29633887944,42018989572.42786
2024-08-30,59351.5794909728,59351.5794909728,59351.5794909728,59351.5794909728,32563333956.986053
2024-08-31,59156.246036463555,59156.246036463555,59156.246036463555,59156.246036463555,44038496614.947586
2024-09-01,58960.23658664587,58960.23658664587,58960.23658664587,58960.23658664587,11399086336.303324
2024-09-02,57357.71617282246,57357.71617282246,57357.71617282246,57357.71617282246,25465621877.97047
2024-09-03,59108.73235863689,59108.73235863689,59108.73235863689,59108.73235863689,28012782290.96625
2024-09-04,57504.538586220435,57504.538586220435,57504.538586220435,57504.538586220435,26829983370.35861
2024-09-05,57987.84601410068,57987.84601410068,57987.84601410068,57987.84601410068,37550380696.7459
2024-09-06,56132.404732088595,56132.404732088595,56132.404732088595,56132.404732088595,30005773445.693718
2024-09-07,53923.35611071905,53923.35611071905,53923.35611071905,53923.35611071905,50260816556.81667
2024-09-08,54150.9383589072,54150.9383589072,54150.9383589072,54150.9383589072,17048448412.007126
2024-09-09,54792.40755768575,54792.40755768575,54792.40755768575,54792.40755768575,18644823662.23431
2024-09-10,57049.118751143265,57049.118751143265,57049.118751143265,57049.118751143265,35655419448.07046
2024-09-11,57624.16178336144,57624.16178336144,57624.16178336144,57624.16178336144,29676093302.30697
2024-09-12,57381.764445000474,57381.764445000474,57381.764445000474,57381.764445000474,37765652735.2964
2024-09-13,58106.951229815284,58106.951229815284,58106.951229815284,58106.951229815284,34177859933.02337
2024-09-14,60620.62747295754,60620.62747295754,60620.62747295754,60620.62747295754,31919740723.76027
2024-09-15,60003.29940083042,60003.29940083042,60003.29940083042,60003.29940083042,15800120841.166773
2024-09-16,59214.80226801806,59214.80226801806,59214.80226801806,59214.80226801806,17289597542.866756
2024-09-17,58211.123231286256,58211.123231286256,58211.123231286256,58211.123231286256,32196570894.402115
2024-09-18,60317.0319794625,60317.0319794625,60317.0319794625,60317.0319794625,34191170117.78261
2024-09-19,61440.41208494509,61440.41208494509,61440.41208494509,61440.41208494509,40445339415.1129
2024-09-20,62966.52931910512,62966.52931910512,62966.52931910512,62966.52931910512,41959080716.28771
2024-09-21,63128.224540748255,63128.224540748255,63128.224540748255,63128.224540748255,35587830476.533394
2024-09-22,63403.402349259355,63403.402349259355,63403.402349259355,63403.402349259355,12938083115.659332
2024-09-23,63582.59956924825,63582.59956924825,63582.59956924825,63582.59956924825,20349365412.816723
2024-09-24,63327.02654450202,63327.02654450202,63327.02654450202,63327.02654450202,23998847798.757656
2024-09-25,64334.14274876097,64334.14274876097,64334.14274876097,64334.14274876097,31490984593.70592
2024-09-26,63151.89959401337,63151.89959401337,63151.89959401337,63151.89959401337,26087643765.748165
2024-09-27,65130.76884023231,65130.76884023231,65130.76884023231,65130.76884023231,37995568903.94455
2024-09-28,65791.00212541742,65791.00212541742,65791.00212541742,65791.00212541742,32664917503.931107
2024-09-29,65934.10709441357,65934.10709441357,65934.10709441357,65934.10709441357,15342911002.84781
2024-09-30,65663.68986662335,65663.68986662335,65663.68986662335,65663.68986662335,12948707838.938381
2024-10-01,63243.27532464382,63243.27532464382,63243.27532464382,63243.27532464382,35124446789.27111
2024-10-02,60872.668543725544,60872.668543725544,60872.668543725544,60872.668543725544,54251488433.95029
2024-10-03,60655.55979196848,60655.55979196848,60655.55979196848,60655.55979196848,41870731291.86736
2024-10-04,60727.86395169296,60727.86395169296,60727.86395169296,60727.86395169296,37711138441.76231
2024-10-05,62103.01047283253,62103.01047283253,62103.01047283253,62103.01047283253,30349059838.684578
2024-10-06,62091.932585194016,62091.932585194016,62091.932585194016,62091.932585194016,11095453162.990673
2024-10-07,62811.79972811266,62811.79972811266,62811.79972811266,62811.79972811266,14592422860.685436
2024-10-08,62287.39010510681,62287.39010510681,62287.39010510681,62287.39010510681,33878876147.30253
2024-10-09,62185.230423727575,62185.230423727575,62185.230423727575,62185.230423727575,28626429276.55382
2024-10-10,60597.15045618275,60597.15045618275,60597.15045618275,60597.15045618275,28530748117.898792
2024-10-11,60195.18073772453,60195.18073772453,60195.18073772453,60195.18073772453,29481971885.649742
2024-10-12,62392.34048293159,62392.34048293159,62392.34048293159,62392.34048293159,32008659336.482643
2024-10-13,63207.77062127557,63207.77062127557,63207.77062127557,63207.77062127557,17665963646.417107
2024-10-14,62829.533686088886,62829.533686088886,62829.533686088886,62829.533686088886,16784552979.060463
2024-10-15,66049.99492708022,66049.99492708022,66049.99492708022,66049.99492708022,46553796134.14602
2024-10-16,66962.21994496793,66962.21994496793,66962.21994496793,66962.21994496793,51797932876.82809
2024-10-17,67647.54414766871,67647.54414766871,67647.54414766871,67647.54414766871,40640495380.19594
2024-10-18,67328.10527002988,67328.10527002988,67328.10527002988,67328.10527002988,34512072357.92087
2024-10-19,68465.61920668735,68465.61920668735,68465.61920668735,68465.61920668735,39984956633.228035
2024-10-20,68388.87128965274,68388.87128965274,68388.87128965274,68388.87128965274,14110889435.452631
2024-10-21,68962.82918045693,68962.82918045693,68962.82918045693,68962.82918045693,17253863432.786995
2024-10-22,67394.85775735618,67394.85775735618,67394.85775735618,67394.85775735618,40485496091.95008
2024-10-23,67351.04793512498,67351.04793512498,67351.04793512498,67351.04793512498,31398389967.38113
2024-10-24,66683.96806542306,66683.96806542306,66683.96806542306,66683.96806542306,32676918488.059
2024-10-25,68214.05205157402,68214.05205157402,68214.05205157402,68214.05205157402,35892606570.03549
2024-10-26,66585.66535501445,66585.66535501445,66585.66535501445,66585.66535501445,48426924850.053406
2024-10-27,67018.1650170265,67018.1650170265,67018.1650170265,67018.1650170265,21169467789.89267
2024-10-28,67938.55412885673,67938.55412885673,67938.55412885673,67938.55412885673,16533385730.434193
2024-10-29,69845.304531169,69845.304531169,69845.304531169,69845.304531169,41990540384.96554
2024-10-30,72781.11308158132,72781.11308158132,72781.11308158132,72781.11308158132,65487782004.97014
2024-10-31,72342.62171127986,72342.62171127986,72342.62171127986,72342.62171127986,43498144313.67304
2024-11-01,70264.99735573279,70264.99735573279,70264.99735573279,70264.99735573279,45907074188.570145
2024-11-02,69507.92256395647,69507.92256395647,69507.92256395647,69507.92256395647,54863092261.31101
2024-11-03,69299.16036699413,69299.16036699413,69299.16036699413,69299.16036699413,14709379754.965973
2024-11-04,68803.50626277467,68803.50626277467,68803.50626277467,68803.50626277467,37659435506.757034
2024-11-05,67793.29782704762,67793.29782704762,67793.29782704762,67793.29782704762,46183110993.79166
2024-11-06,69335.42553133758,69335.42553133758,69335.42553133758,69335.42553133758,40025021601.49395
2024-11-07,75620.88606963192,75620.88606963192,75620.88606963192,75620.88606963192,128492534668.23851
2024-11-08,75987.24178320667,75987.24178320667,75987.24178320667,75987.24178320667,66590396087.4524
2024-11-09,76550.0213845611,76550.0213845611,76550.0213845611,76550.0213845611,50687468387.720375
2024-11-10,76630.22631415377,76630.22631415377,76630.22631415377,76630.22631415377,31430906055.796104
2024-11-11,80466.71654833542,80466.71654833542,80466.71654833542,80466.71654833542,93473126207.67865
2024-11-12,88637.42000322911,88637.42000322911,88637.42000322911,88637.42000322911,133959805308.72511
2024-11-13,88264.59974582895,88264.59974582895,88264.59974582895,88264.59974582895,152356811694.44943
2024-11-14,90488.10007497849,90488.10007497849,90488.10007497849,90488.10007497849,136046309843.60645
2024-11-15,87407.51273710128,87407.51273710128,87407.51273710128,87407.51273710128,99649391847.08359
2024-11-16,90947.97509443703,90947.97509443703,90947.97509443703,90947.97509443703,84382485697.84985
2024-11-17,90606.45489380708,90606.45489380708,90606.45489380708,90606.45489380708,49255174407.368774
2024-11-18,89841.47194135105,89841.47194135105,89841.47194135105,89841.47194135105,48556083101.64749
2024-11-19,90534.62459650292,90534.62459650292,90534.62459650292,90534.62459650292,77391724184.19348
2024-11-20,92251.65240738312,92251.65240738312,92251.65240738312,92251.65240738312,80493234958.49161
2024-11-21,94217.02229634205,94217.02229634205,94217.02229634205,94217.02229634205,80747272080.24826
2024-11-22,98509.11859102432,98509.11859102432,98509.11859102432,98509.11859102432,118163852022.3175
2024-11-23,98927.49494553401,98927.49494553401,98927.49494553401,98927.49494553401,85746174563.98602
2024-11-24,97679.46381643033,97679.46381643033,97679.46381643033,97679.46381643033,47414200206.70341
2024-11-25,98015.9355289458,98015.9355289458,98015.9355289458,98015.9355289458,50665680246.86775
2024-11-26,93004.70093103287,93004.70093103287,93004.70093103287,93004.70093103287,89476321216.0935
2024-11-27,91931.83077291827,91931.83077291827,91931.83077291827,91931.83077291827,97389239315.52954
2024-11-28,95981.18057210564,95981.18057210564,95981.18057210564,95981.18057210564,81469353259.75
2024-11-29,95661.59595817851,95661.59595817851,95661.59595817851,95661.59595817851,49067932024.40325
2024-11-30,97453.2473451042,97453.2473451042,97453.2473451042,97453.2473451042,74670031635.5065
2024-12-01,96513.14234698225,96513.14234698225,96513.14234698225,96513.14234698225,43580019720.720634
2024-12-02,97311.70719084324,97311.70719084324,97311.70719084324,97311.70719084324,49147687432.565895
2024-12-03,95833.1362300365,95833.1362300365,95833.1362300365,95833.1362300365,101019861361.49252
2024-12-04,96031.63097759831,96031.63097759831,96031.63097759831,96031.63097759831,87935752287.975
2024-12-05,98881.4694561823,98881.4694561823,98881.4694561823,98881.4694561823,98230784298.0459
2024-12-06,97201.50036407741,97201.50036407741,97201.50036407741,97201.50036407741,190460293531.53802
2024-12-07,99973.85150659826,99973.85150659826,99973.85150659826,99973.85150659826,115812632020.44765
2024-12-08,99781.82999198174,99781.82999198174,99781.82999198174,99781.82999198174,61061136199.7846
2024-12-09,101235.3717025316,101235.3717025316,101235.3717025316,101235.3717025316,62677764785.05408
2024-12-10,97353.94700820887,97353.94700820887,97353.94700820887,97353.94700820887,146846843211.51685
2024-12-11,96649.71446771531,96649.71446771531,96649.71446771531,96649.71446771531,125835977742.51114
2024-12-12,101123.61811033697,101123.61811033697,101123.61811033697,101123.61811033697,118484957960.76833
2024-12-13,100000.80836535197,100000.80836535197,100000.80836535197,100000.80836535197,100092043319.81221
2024-12-14,101352.22971292294,101352.22971292294,101352.22971292294,101352.22971292294,78802903278.85962
2024-12-15,101367.01064553364,101367.01064553364,101367.01064553364,101367.01064553364,57321924844.41535
2024-12-16,104721.50151808978,104721.50151808978,104721.50151808978,104721.50151808978,70645074624.52869
2024-12-17,106074.10723541168,106074.10723541168,106074.10723541168,106074.10723541168,115184737759.33566
2024-12-18,106034.913402645,106034.913402645,106034.913402645,106034.913402645,93417826250.1972
2024-12-19,100355.5761481501,100355.5761481501,100355.5761481501,100355.5761481501,113692025885.44745
2024-12-20,97851.35377075805,97851.35377075805,97851.35377075805,97851.35377075805,100611554887.24123
2024-12-21,97691.43431692653,97691.43431692653,97691.43431692653,97691.43431692653,112340864006.62827
2024-12-22,97202.82496847633,97202.82496847633,97202.82496847633,97202.82496847633,53058382639.48845
2024-12-23,95094.27394862173,95094.27394862173,95094.27394862173,95094.27394862173,44619017105.36954
2024-12-24,94644.91085464321,94644.91085464321,94644.91085464321,94644.91085464321,64937790292.61125
2024-12-25,98695.71400782601,98695.71400782601,98695.71400782601,98695.71400782601,49169088282.15742
2024-12-26,99344.95417367229,99344.95417367229,99344.95417367229,99344.95417367229,33963749856.44743
2024-12-27,95678.31244565405,95678.31244565405,95678.31244565405,95678.31244565405,45049342388.18843
2024-12-28,94331.94727053077,94331.94727053077,94331.94727053077,94331.94727053077,41498540807.666954
2024-12-29,95184.61945288602,95184.61945288602,95184.61945288602,95184.61945288602,22429850903.940086
2024-12-30,93663.44751964067,93663.44751964067,93663.44751964067,93663.44751964067,24065314499.502274
2024-12-31,92627.28213113277,92627.28213113277,92627.28213113277,92627.28213113277,57595164139.4709
2025-01-01,93507.85874741491,93507.85874741491,93507.85874741491,93507.85874741491,45327464907.74362
2025-01-02,94384.1761153871,94384.1761153871,94384.1761153871,94384.1761153871,23275007789.496334
2025-01-03,96852.14681235075,96852.14681235075,96852.14681235075,96852.14681235075,45157338602.617516
2025-01-04,98084.34279280754,98084.34279280754,98084.34279280754,98084.34279280754,35721645948.10051
2025-01-05,98256.73876849933,98256.73876849933,98256.73876849933,98256.73876849933,20979035420.980793
2025-01-06,98364.58946599838,98364.58946599838,98364.58946599838,98364.58946599838,20060293834.7155
2025-01-07,102229.39453189743,102229.39453189743,102229.39453189743,102229.39453189743,46111387334.46171
2025-01-08,96952.09886774956,96952.09886774956,96952.09886774956,96952.09886774956,60610257147.15405
2025-01-09,95016.71440989176,95016.71440989176,95016.71440989176,95016.71440989176,65790469838.34392
2025-01-10,92376.27578346101,92376.27578346101,92376.27578346101,92376.27578346101,65850881574.76184
2025-01-11,94736.6267420969,94736.6267420969,94736.6267420969,94736.6267420969,63433655716.757095
2025-01-12,94559.55167224213,94559.55167224213,94559.55167224213,94559.55167224213,17836423168.41627
2025-01-13,94454.77089638807,94454.77089638807,94454.77089638807,94454.77089638807,19608932595.53299
2025-01-14,94456.3493746993,94456.3493746993,94456.3493746993,94456.3493746993,76328330233.31137
2025-01-15,96574.07768799194,96574.07768799194,96574.07768799194,96574.07768799194,51241728228.81719
2025-01-16,100313.15239828422,100313.15239828422,100313.15239828422,100313.15239828422,57637319739.543396
2025-01-17,100044.57926776377,100044.57926776377,100044.57926776377,100044.57926776377,50150102497.2729
2025-01-18,104160.69358484233,104160.69358484233,104160.69358484233,104160.69358484233,69135117732.00064
2025-01-19,104334.61575724394,104334.61575724394,104334.61575724394,104334.61575724394,49416447749.13053
2025-01-20,101275.33714814208,101275.33714814208,101275.33714814208,101275.33714814208,72970313683.92325
2025-01-21,101764.90860170545,101764.90860170545,101764.90860170545,101764.90860170545,120158523166.88387
2025-01-22,106182.2368201815,106182.2368201815,106182.2368201815,106182.2368201815,95344290057.8965
2025-01-23,103673.53509537787,103673.53509537787,103673.53509537787,103673.53509537787,55030669602.56557
2025-01-24,104067.60991206947,104067.60991206947,104067.60991206947,104067.60991206947,102455227371.20761
2025-01-25,104835.19253555956,104835.19253555956,104835.19253555956,104835.19253555956,51418786362.7815
2025-01-26,104796.04077738234,104796.04077738234,104796.04077738234,104796.04077738234,22740744964.719296
2025-01-27,102552.24874280207,102552.24874280207,102552.24874280207,102552.24874280207,20639818380.26942
2025-01-28,101958.46953745594,101958.46953745594,101958.46953745594,101958.46953745594,93191643783.24739
2025-01-29,101313.11264498268,101313.11264498268,101313.11264498268,101313.11264498268,45780526813.56264
2025-01-30,103718.97939813645,103718.97939813645,103718.97939813645,103718.97939813645,47425401641.53094
2025-01-31,104781.5135100103,104781.5135100103,104781.5135100103,104781.5135100103,42122570869.034325
2025-02-01,102382.39409722165,102382.39409722165,102382.39409722165,102382.39409722165,37187819228.35328
2025-02-02,100674.78762544956,100674.78762544956,100674.78762544956,100674.78762544956,22827776122.48367
2025-02-03,97568.31653024875,97568.31653024875,97568.31653024875,97568.31653024875,59784234332.21204
2025-02-04,101466.8606657039,101466.8606657039,101466.8606657039,101466.8606657039,122163969235.23686
2025-02-05,98118.43921664466,98118.43921664466,98118.43921664466,98118.43921664466,73196693057.98114
2025-02-06,96582.88682919052,96582.88682919052,96582.88682919052,96582.88682919052,48848958931.79228
2025-02-07,96635.41875332211,96635.41875332211,96635.41875332211,96635.41875332211,44462180396.172516
2025-02-08,96558.4563096667,96558.4563096667,96558.4563096667,96558.4563096667,57077722340.22422
2025-02-09,96558.23762501091,96558.23762501091,96558.23762501091,96558.23762501091,20760850644.84597
2025-02-10,96548.57865379585,96548.57865379585,96548.57865379585,96548.57865379585,25457107581.051964
2025-02-11,97399.98161383197,97399.98161383197,97399.98161383197,97399.98161383197,37054987393.57789
2025-02-12,95739.97737079239,95739.97737079239,95739.97737079239,95739.97737079239,36454577154.5622
2025-02-13,97836.18856127483,97836.18856127483,97836.18856127483,97836.18856127483,47115618235.19051
2025-02-14,96561.6639990985,96561.6639990985,96561.6639990985,96561.6639990985,29084371910.690556
2025-02-15,97488.48148536457,97488.48148536457,97488.48148536457,97488.48148536457,32289906944.92862
2025-02-16,97569.95169430465,97569.95169430465,97569.95169430465,97569.95169430465,14215311318.346336
2025-02-17,96149.3484548204,96149.3484548204,96149.3484548204,96149.3484548204,13634794998.739267
2025-02-18,95776.15723852723,95776.15723852723,95776.15723852723,95776.15723852723,25324374113.08163
2025-02-19,95495.89153299287,95495.89153299287,95495.89153299287,95495.89153299287,38311133144.729355
2025-02-20,96554.87156259285,96554.87156259285,96554.87156259285,96554.87156259285,27703222487.389572
2025-02-21,98384.31738240314,98384.31738240314,98384.31738240314,98384.31738240314,24175261969.81266
2025-02-22,96135.15541305285,96135.15541305285,96135.15541305285,96135.15541305285,42477472950.92155
2025-02-23,96564.15414290235,96564.15414290235,96564.15414290235,96564.15414290235,18464415570.762142
2025-02-24,96327.46309127835,96327.46309127835,96327.46309127835,96327.46309127835,16643044374.983364
2025-02-25,91396.76686930266,91396.76686930266,91396.76686930266,91396.76686930266,45539703844.38777
2025-02-26,88755.7693356979,88755.7693356979,88755.7693356979,88755.7693356979,96742453402.56294
2025-02-27,83900.11496524839,83900.11496524839,83900.11496524839,83900.11496524839,69277430795.68657
2025-02-28,84709.14477847965,84709.14477847965,84709.14477847965,84709.14477847965,81960688217.70384
2025-03-01,84441.9012237131,84441.9012237131,84441.9012237131,84441.9012237131,80695237175.07367
2025-03-02,86005.25629681018,86005.25629681018,86005.25629681018,86005.25629681018,30634474722.6359
2025-03-03,94261.53286538439,94261.53286538439,94261.53286538439,94261.53286538439,61859112550.80991
2025-03-04,86124.71418722175,86124.71418722175,86124.71418722175,86124.71418722175,68715362745.4567
2025-03-05,87310.80531078295,87310.80531078295,87310.80531078295,87310.80531078295,65863356680.42408
2025-03-06,90604.08098523637,90604.08098523637,90604.08098523637,90604.08098523637,51606642859.81411
2025-03-07,90001.40087607042,90001.40087607042,90001.40087607042,90001.40087607042,47555759124.64708
2025-03-08,86773.33597555371,86773.33597555371,86773.33597555371,86773.33597555371,63216440874.73251
2025-03-09,86142.9833586432,86142.9833586432,86142.9833586432,86142.9833586432,18809360803.37126
2025-03-10,80751.13893300897,80751.13893300897,80751.13893300897,80751.13893300897,32013406240.51754
2025-03-11,78783.94057934263,78783.94057934263,78783.94057934263,78783.94057934263,49983692766.22745
2025-03-12,82799.1080292053,82799.1080292053,82799.1080292053,82799.1080292053,56404462275.083046
2025-03-13,83884.24578828987,83884.24578828987,83884.24578828987,83884.24578828987,41782186208.59073
2025-03-14,81098.90052436228,81098.90052436228,81098.90052436228,81098.90052436228,32583592654.882656
2025-03-15,83971.70916064628,83971.70916064628,83971.70916064628,83971.70916064628,28571483950.074646
2025-03-16,84391.69087647168,84391.69087647168,84391.69087647168,84391.69087647168,10761796127.312485
2025-03-17,82610.61750343916,82610.61750343916,82610.61750343916,82610.61750343916,21638031633.118767
2025-03-18,84075.36559694471,84075.36559694471,84075.36559694471,84075.36559694471,19659366246.596867
2025-03-19,82780.03048688271,82780.03048688271,82780.03048688271,82780.03048688271,24557570268.85276
2025-03-20,86815.44109470697,86815.44109470697,86815.44109470697,86815.44109470697,33871216993.304657
2025-03-21,84270.84358966233,84270.84358966233,84270.84358966233,84270.84358966233,27579127651.06656
2025-03-22,84009.532917822,84009.532917822,84009.532917822,84009.532917822,18091004975.919056
2025-03-23,83793.30854192551,83793.30854192551,83793.30854192551,83793.30854192551,7771134681.982918
2025-03-24,85787.70914901773,85787.70914901773,85787.70914901773,85787.70914901773,12617587530.619724
2025-03-25,87327.72969669085,87327.72969669085,87327.72969669085,87327.72969669085,27270889835.1835
2025-03-26,87520.58391530563,87520.58391530563,87520.58391530563,87520.58391530563,30351832942.705593
2025-03-27,86960.8555491039,86960.8555491039,86960.8555491039,86960.8555491039,25522877558.700558
2025-03-28,87227.27158032371,87227.27158032371,87227.27158032371,87227.27158032371,24620445368.489468
2025-03-29,84359.46915506005,84359.46915506005,84359.46915506005,84359.46915506005,31674486232.097313
2025-03-30,82679.17255385047,82679.17255385047,82679.17255385047,82679.17255385047,16837439419.924389
2025-03-31,82356.38111183756,82356.38111183756,82356.38111183756,82356.38111183756,13428975108.070734
2025-04-01,82514.09365397849,82514.09365397849,82514.09365397849,82514.09365397849,30326148749.91535
2025-04-02,85237.5876052852,85237.5876052852,85237.5876052852,85237.5876052852,29172899851.734768
2025-04-03,82526.4221526433,82526.4221526433,82526.4221526433,82526.4221526433,46332905657.77597
2025-04-04,83163.98757387721,83163.98757387721,83163.98757387721,83163.98757387721,36594464539.14662
2025-04-05,83852.00765399594,83852.00765399594,83852.00765399594,83852.00765399594,35647289400.47406
2025-04-06,83595.88550177493,83595.88550177493,83595.88550177493,83595.88550177493,14910400035.531416
2025-04-07,78211.48358199988,78211.48358199988,78211.48358199988,78211.48358199988,36140377231.68329
2025-04-08,79179.29226757778,79179.29226757778,79179.29226757778,79179.29226757778,82909748172.59216
2025-04-09,76329.090356324,76329.090356324,76329.090356324,76329.090356324,47812787635.22632
2025-04-10,82622.17029546302,82622.17029546302,82622.17029546302,82622.17029546302,87408220482.11568
2025-04-11,79596.35732250768,79596.35732250768,79596.35732250768,79596.35732250768,41213520154.25157
2025-04-12,83439.28818043756,83439.28818043756,83439.28818043756,83439.28818043756,39813566443.76779
2025-04-13,85305.09728392666,85305.09728392666,85305.09728392666,85305.09728392666,22428929482.069122
2025-04-14,83600.82010054543,83600.82010054543,83600.82010054543,83600.82010054543,28731125717.934357
2025-04-15,84523.4524914945,84523.4524914945,84523.4524914945,84523.4524914945,33155578229.343513
2025-04-16,83656.49248858042,83656.49248858042,83656.49248858042,83656.49248858042,25084671427.622566
2025-04-17,84105.77942167096,84105.77942167096,84105.77942167096,84105.77942167096,26948109141.803364
2025-04-18,84930.90857600998,84930.90857600998,84930.90857600998,84930.90857600998,19323821375.14309
2025-04-19,84433.75017215389,84433.75017215389,84433.75017215389,84433.75017215389,9550691272.782005
2025-04-20,85126.66244301842,85126.66244301842,85126.66244301842,85126.66244301842,12635983530.804455
2025-04-21,85073.16544858096,85073.16544858096,85073.16544858096,85073.16544858096,12625843856.313684
2025-04-22,87452.04699068287,87452.04699068287,87452.04699068287,87452.04699068287,40070025414.28289
2025-04-23,93576.16588573981,93576.16588573981,93576.16588573981,93576.16588573981,53841992235.36636
2025-04-24,93605.45230873208,93605.45230873208,93605.45230873208,93605.45230873208,39901515879.65954
2025-04-25,93872.81422867288,93872.81422867288,93872.81422867288,93872.81422867288,30031246761.093452
2025-04-26,94773.11200643536,94773.11200643536,94773.11200643536,94773.11200643536,39336184715.04292
2025-04-27,94644.06637120107,94644.06637120107,94644.06637120107,94644.06637120107,15445392739.787264
2025-04-28,93809.33781968223,93809.33781968223,93809.33781968223,93809.33781968223,15926259371.057959
2025-04-29,95030.60645474444,95030.60645474444,95030.60645474444,95030.60645474444,31913814736.53902
2025-04-30,94256.35946318062,94256.35946318062,94256.35946318062,94256.35946318062,25882629766.278946
2025-05-01,94235.75331048167,94235.75331048167,94235.75331048167,94235.75331048167,26541700309.366146
2025-05-02,96426.94522273027,96426.94522273027,96426.94522273027,96426.94522273027,30207566405.468834
2025-05-03,96855.5681343944,96855.5681343944,96855.5681343944,96855.5681343944,23276376191.483967
2025-05-04,95922.86842404422,95922.86842404422,95922.86842404422,95922.86842404422,13797554863.642815
2025-05-05,94326.62048529249,94326.62048529249,94326.62048529249,94326.62048529249,14903122945.616686
2025-05-06,94758.8237105546,94758.8237105546,94758.8237105546,94758.8237105546,24086456278.203846
2025-05-07,96854.53198815876,96854.53198815876,96854.53198815876,96854.53198815876,23348052607.071873
2025-05-08,97026.49376966801,97026.49376966801,97026.49376966801,97026.49376966801,64376174032.08048
2025-05-09,103076.27555512934,103076.27555512934,103076.27555512934,103076.27555512934,50020047720.65604
2025-05-10,102962.54045692299,102962.54045692299,102962.54045692299,102962.54045692299,40800894903.23446
2025-05-11,104630.8792994166,104630.8792994166,104630.8792994166,104630.8792994166,21558992540.042442
2025-05-12,103994.061616746,103994.061616746,103994.061616746,103994.061616746,27389436049.454792
2025-05-13,102876.8304286011,102876.8304286011,102876.8304286011,102876.8304286011,43090605819.36596
2025-05-14,104184.49039270742,104184.49039270742,104184.49039270742,104184.49039270742,33861432519.50822
2025-05-15,103594.42575090709,103594.42575090709,103594.42575090709,103594.42575090709,28398245846.798244
2025-05-16,103708.85136423641,103708.85136423641,103708.85136423641,103708.85136423641,31823340473.339912
2025-05-17,103556.03493982446,103556.03493982446,103556.03493982446,103556.03493982446,25887953182.14765
2025-05-18,103212.36483885496,103212.36483885496,103212.36483885496,103212.36483885496,18950056010.479057
2025-05-19,106030.6376831359,106030.6376831359,106030.6376831359,106030.6376831359,30744060179.802963
2025-05-20,105629.41580436694,105629.41580436694,105629.41580436694,105629.41580436694,43339734153.75087
2025-05-21,106786.71995834043,106786.71995834043,106786.71995834043,106786.71995834043,36393687094.25122
2025-05-22,109665.86371625263,109665.86371625263,109665.86371625263,109665.86371625263,60722883113.84
2025-05-23,111560.356938144,111560.356938144,111560.356938144,111560.356938144,52218408239.45193
2025-05-24,107216.66856870624,107216.66856870624,107216.66856870624,107216.66856870624,49251745837.96465
2025-05-25,107831.36374380375,107831.36374380375,107831.36374380375,107831.36374380375,27128230116.517162
2025-05-26,108861.81037744327,108861.81037744327,108861.81037744327,108861.81037744327,29652659665.048733
2025-05-27,109377.71513263129,109377.71513263129,109377.71513263129,109377.71513263129,27950577137.918888
2025-05-28,109068.45694901445,109068.45694901445,109068.45694901445,109068.45694901445,38978783508.88622
2025-05-29,107838.18431100152,107838.18431100152,107838.18431100152,107838.18431100152,29794278037.284946
2025-05-30,105745.41660358038,105745.41660358038,105745.41660358038,105745.41660358038,38279231892.56757
2025-05-31,104010.91956242644,104010.91956242644,104010.91956242644,104010.91956242644,39680060337.610214
2025-06-01,104687.50742934884,104687.50742934884,104687.50742934884,104687.50742934884,20432694555.09522
2025-06-02,105710.00593822816,105710.00593822816,105710.00593822816,105710.00593822816,17721500507.53389
2025-06-03,105884.74263221149,105884.74263221149,105884.74263221149,105884.74263221149,26313843058.73954
2025-06-04,105434.47745144971,105434.47745144971,105434.47745144971,105434.47745144971,25925661121.080395
2025-06-05,104812.9182188067,104812.9182188067,104812.9182188067,104812.9182188067,25812143562.797962
2025-06-06,101650.7387545425,101650.7387545425,101650.7387545425,101650.7387545425,39711941132.0234
2025-06-07,104409.74967959142,104409.74967959142,104409.74967959142,104409.74967959142,29897390978.090103
2025-06-08,105681.4546141758,105681.4546141758,105681.4546141758,105681.4546141758,17749731308.73042
2025-06-09,105692.24740699006,105692.24740699006,105692.24740699006,105692.24740699006,16044679696.270103
2025-06-10,110261.57485948496,110261.57485948496,110261.57485948496,110261.57485948496,38222993297.50514
2025-06-11,110212.73252109604,110212.73252109604,110212.73252109604,110212.73252109604,36303839182.734825
2025-06-12,108679.9760916168,108679.9760916168,108679.9760916168,108679.9760916168,30338936631.626648
2025-06-13,105979.22902375912,105979.22902375912,105979.22902375912,105979.22902375912,35865159511.38857
2025-06-14,106045.56440819203,106045.56440819203,106045.56440819203,106045.56440819203,49471015505.74361
2025-06-15,105482.90611628917,105482.90611628917,105482.90611628917,105482.90611628917,17916412455.866283
2025-06-16,105554.49383061715,105554.49383061715,105554.49383061715,105554.49383061715,16568441852.649668
2025-06-17,106951.2720181497,106951.2720181497,106951.2720181497,106951.2720181497,32095957011.724205
2025-06-18,104683.42479835715,104683.42479835715,104683.42479835715,104683.42479835715,38603212010.889435
2025-06-19,104722.695052907,104722.695052907,104722.695052907,104722.695052907,30339326410.154945
2025-06-20,104690.65002458123,104690.65002458123,104690.65002458123,104690.65002458123,18063282658.152298
2025-06-21,103290.105144757,103290.105144757,103290.105144757,103290.105144757,30632751225.407444
2025-06-22,101532.5683847329,101532.5683847329,101532.5683847329,101532.5683847329,21644463198.719532
2025-06-23,100852.58264648831,100852.58264648831,100852.58264648831,100852.58264648831,51287142390.02526
2025-06-24,105511.62437933135,105511.62437933135,105511.62437933135,105511.62437933135,50011797128.6837
2025-06-25,105976.06929808448,105976.06929808448,105976.06929808448,105976.06929808448,31704641076.941063
2025-06-26,107238.53045016268,107238.53045016268,107238.53045016268,107238.53045016268,30468274982.034847
2025-06-27,106984.01253775663,106984.01253775663,106984.01253775663,106984.01253775663,24320699663.15122
2025-06-28,107078.91560644074,107078.91560644074,107078.91560644074,107078.91560644074,25194306261.888832
2025-06-29,107331.58548463577,107331.58548463577,107331.58548463577,107331.58548463577,8960877693.57604
2025-06-30,108396.61631317894,108396.61631317894,108396.61631317894,108396.61631317894,14881078675.366829
2025-07-01,107132.79910701896,107132.79910701896,107132.79910701896,107132.79910701896,22489515582.41552
2025-07-02,105613.39974163055,105613.39974163055,105613.39974163055,105613.39974163055,25033160828.30909
2025-07-03,108824.44423167943,108824.44423167943,108824.44423167943,108824.44423167943,36395184773.06136
2025-07-04,109602.20483914016,109602.20483914016,109602.20483914016,109602.20483914016,29892049537.628605
2025-07-05,108040.8919400104,108287.31592661754,108040.8919400104,108287.31592661754,23979077583.523323
